{"cameraMode":{"drawMode":0,"name":"Shaded","section":"Shading Mode"},"sceneLighting":true,"audioPlay":false,"sceneViewState":{"m_AlwaysRefresh":false,"showFog":true,"showSkybox":true,"showFlares":true,"showImageEffects":true,"showParticleSystems":true,"showVisualEffectGraphs":true,"m_FxEnabled":true},"in2DMode":false,"pivot":{"x":-49.74476623535156,"y":21.6734561920166,"z":4.509233474731445},"rotation":{"x":-0.14290618896484376,"y":0.009492266923189164,"z":-0.0014170292997732759,"w":-0.9897331595420837},"size":1.2528247833251954,"orthographic":true}