{"cameraMode":{"drawMode":0,"name":"Shaded","section":"Shading Mode"},"sceneLighting":true,"audioPlay":false,"sceneViewState":{"m_AlwaysRefresh":false,"showFog":true,"showSkybox":true,"showFlares":true,"showImageEffects":true,"showParticleSystems":true,"showVisualEffectGraphs":true,"m_FxEnabled":true},"in2DMode":false,"pivot":{"x":-58.12432098388672,"y":24.220539093017579,"z":3.6270699501037599},"rotation":{"x":-0.00012270695879124105,"y":0.8170801401138306,"z":-0.000290446390863508,"w":-0.576322078704834},"size":43.29400634765625,"orthographic":false}