{"cameraMode":{"drawMode":0,"name":"Shaded","section":"Shading Mode"},"sceneLighting":true,"audioPlay":false,"sceneViewState":{"m_AlwaysRefresh":false,"showFog":true,"showSkybox":true,"showFlares":true,"showImageEffects":true,"showParticleSystems":true,"showVisualEffectGraphs":true,"m_FxEnabled":true},"in2DMode":false,"pivot":{"x":-49.804786682128909,"y":21.680694580078126,"z":4.620392799377441},"rotation":{"x":-0.004112347029149532,"y":-0.6487261652946472,"z":0.00349698169156909,"w":-0.7610241770744324},"size":1.1590960025787354,"orthographic":true}