{"cameraMode":{"drawMode":0,"name":"Shaded","section":"Shading Mode"},"sceneLighting":false,"audioPlay":false,"sceneViewState":{"m_AlwaysRefresh":false,"showFog":true,"showSkybox":true,"showFlares":true,"showImageEffects":true,"showParticleSystems":true,"showVisualEffectGraphs":true,"m_FxEnabled":true},"in2DMode":false,"pivot":{"x":-25.404525756835939,"y":27.24471664428711,"z":9.405622482299805},"rotation":{"x":-0.006255254615098238,"y":0.8142219185829163,"z":-0.008815199136734009,"w":-0.5802972316741943},"size":26.602258682250978,"orthographic":false}